id,account,username,email,first_name,last_name,is_active,is_staff,verified,requested_verified,picture,banner,location,url,birthday,profile_info,date_created,pais,edad,salario,experiencia,comprado
23,0x54afe2ce6e481311d9e97e24f0615e4b54eb9199,0x54afe2ce6e481311d9e97e24f0615e4b54eb9199,0x54afe2ce6e481311d9e97e24f0615e4b54eb9199,,,0,0,0,0,users/user_default_profile.png,users/user_default_bg.jpg,,,,,2022-08-30 10:01:44,,,,,
22,0xd2be1bfdcd13f8551d06dc0981c7721028bc84c5,0xd2be1bfdcd13f8551d06dc0981c7721028bc84c5,0xd2be1bfdcd13f8551d06dc0981c7721028bc84c5,,,0,0,0,0,users/user_default_profile.png,users/user_default_bg.jpg,,,,,2022-08-30 10:00:26,,,,,
21,0x3f29a5612b19586b105ca588c171cfd28dbe258c,0x3f29a5612b19586b105ca588c171cfd28dbe258c,0x3f29a5612b19586b105ca588c171cfd28dbe258c,,,0,0,0,0,users/user_default_profile.png,users/user_default_bg.jpg,,,,,2022-08-30 09:59:58,,,,,
20,0x2c0d20f3aa7f9e4de85b98b75c7c718d10dffeca,0x2c0d20f3aa7f9e4de85b98b75c7c718d10dffeca,0x2c0d20f3aa7f9e4de85b98b75c7c718d10dffeca,,,0,0,0,0,users/user_default_profile.png,users/user_default_bg.jpg,,,,,2022-08-30 09:59:35,,,,,
19,0x9c997b65af54a35ed12fc63c9a608e3500ae171f,0x9c997b65af54a35ed12fc63c9a608e3500ae171f,0x9c997b65af54a35ed12fc63c9a608e3500ae171f,,,0,0,0,0,users/user_default_profile.png,users/user_default_bg.jpg,,,,,2022-08-30 09:59:11,,,,,
18,0xd67d4d63b5636dd52a4d833e0a5b887e7cf14994,0xd67d4d63b5636dd52a4d833e0a5b887e7cf14994,0xd67d4d63b5636dd52a4d833e0a5b887e7cf14994,,,0,0,0,0,users/user_default_profile.png,users/user_default_bg.jpg,,,,,2022-08-30 09:58:50,,,,,
17,0x506d593994247a9a98357f5af3a5522820178132,0x506d593994247a9a98357f5af3a5522820178132,0x506d593994247a9a98357f5af3a5522820178132,,,0,0,0,0,users/user_default_profile.png,users/user_default_bg.jpg,,,,,2022-08-30 09:58:26,,,,,
16,0xe5aa7d147dc31a43664c4d5ae30ab51ddca28401,0xe5aa7d147dc31a43664c4d5ae30ab51ddca28401,0xe5aa7d147dc31a43664c4d5ae30ab51ddca28401,,,0,0,0,0,users/user_default_profile.png,users/user_default_bg.jpg,,,,,2022-08-30 09:58:01,,,,,
15,0x17508bc0711621cedcff4a8335a593499b80dbb1,0x17508bc0711621cedcff4a8335a593499b80dbb1,pepito@gmail.com,pepito,vergara,0,0,1,0,users/user_default_profile.png,users/user_default_bg.jpg,,,,,2022-08-29 21:47:20,japon,43,99000,5.00,1
14,0xcafd4706c42054cfc5d2e0601d2ff155ca66408b,0xcafd4706c42054cfc5d2e0601d2ff155ca66408b,salomon@gmail.com,salomo,soladado,1,0,0,0,users/user_default_profile.png,users/user_default_bg.jpg,,,,,2022-08-29 21:46:53,china,23,100000,4.00,1
13,0xcb7637ec37df46bfc4963873ac578a2f68f48bd0,0xcb7637ec37df46bfc4963873ac578a2f68f48bd0,solo@gmail.com,solo,molo,0,1,0,0,users/user_default_profile.png,users/user_default_bg.jpg,,,,,2022-08-29 21:38:56,spain,33,120000,6.00,0
12,0xa8482e3e79d16c5d05f71b0da27356c2ee28f7b3,0xa8482e3e79d16c5d05f71b0da27356c2ee28f7b3,meno@gmail.com,main,selo,0,0,0,1,users/user_default_profile.png,users/user_default_bg.jpg,,,,,2022-08-29 21:38:33,ungaria,55,70000,3.00,
11,0x804c2e89e2f903290e8fb89fbbdaab5a84386ce6,0x804c2e89e2f903290e8fb89fbbdaab5a84386ce6,lido@mail.com,galgo,limo,1,0,0,0,users/user_default_profile.png,users/user_default_bg.jpg,,,,,2022-08-29 21:38:13,Alemania,32,200000,1.00,1
10,0x64c8ccb862888f43e66ba43cd58f8085bf12c002,0x64c8ccb862888f43e66ba43cd58f8085bf12c002,stevve@web.de,steve,wonder,0,1,0,0,users/user_default_profile.png,users/user_default_bg.jpg,,,,,2022-08-29 21:37:51,chile,19,50000,3.00,
9,0x2c216089e515ace8923332d2a6ab85c069cbcae1,0x2c216089e515ace8923332d2a6ab85c069cbcae1,toledo@gmail.com,suliban,matalan,0,0,0,1,users/user_default_profile.png,users/user_default_bg.jpg,,,,,2022-08-29 21:37:22,Alemania,65,110000,0.00,0
8,0xc9b5730b908c819012294af962223c162dde7e27,0xc9b5730b908c819012294af962223c162dde7e27,milo@gmail.com,elon,mask,0,0,1,0,users/user_default_profile.png,users/user_default_bg.jpg,,,,,2022-08-29 21:36:57,u.s.a,55,1000000000,9.00,1
7,0x9216fa765a88894844225a0e988770f424543d2d,0x9216fa765a88894844225a0e988770f424543d2d,spear@gmail.com,britnea,spears,1,0,0,0,users/user_default_profile.png,users/user_default_bg.jpg,,,,,2022-08-29 21:36:23,u.s.a,39,90000000,6.00,1
6,0x4cfaf46b4f99d8314ac3a117057116279a34938c,0x4cfaf46b4f99d8314ac3a117057116279a34938c,suliban@yahoo.com,sultan,moran,0,1,0,0,users/user_default_profile.png,users/user_default_bg.jpg,,,,,2022-08-29 21:35:39,ungaria,22,35000,4.00,1
5,0x94041583b6fe29549f90458df5e2ee8984d4937e,0x94041583b6fe29549f90458df5e2ee8984d4937e,torpedo@gamil.com,tonuico,salltido,0,0,1,0,users/user_default_profile.png,users/user_default_bg.jpg,,,,,2022-08-29 21:34:46,chile,32,67000,5.00,1
1,0xb0eaca003e2c9c9190fd7dc4fa765f2ab3b102ac,0xb0eaca003e2c9c9190fd7dc4fa765f2ab3b102ac,gottfugthinzu@gmail.com,Jose Antonio,aparicio gallego,0,0,0,0,users/0xb0eaca003e2c9c9190fd7dc4fa765f2ab3b102ac/profile.jpg,users/0xb0eaca003e2c9c9190fd7dc4fa765f2ab3b102ac/banner.jpg,hannover,https://cared-new-hope.org,2022-08-09,super alles gut,2022-08-24 01:51:38,Alemania,46,2250,0.82,1
